file,class,method,constructor,line,cbo,cboModified,fanin,fanout,wmc,rfc,loc,returnsQty,variablesQty,parametersQty,methodsInvokedQty,methodsInvokedLocalQty,methodsInvokedIndirectLocalQty,loopQty,comparisonsQty,tryCatchQty,parenthesizedExpsQty,stringLiteralsQty,numbersQty,assignmentsQty,mathOperationsQty,maxNestedBlocksQty,anonymousClassesQty,innerClassesQty,lambdasQty,uniqueWordsQty,modifiers,logStatementsQty,hasJavaDoc
D:\Telkom University\Semester 4\PBO\Bidkita\bidkita-backend\src\main\java\com\bidkita\bidkita_backend\exception\BidTooLowException.java,com.bidkita.bidkita_backend.exception.BidTooLowException,BidTooLowException/1[java.lang.String],true,8,0,0,0,0,1,0,3,0,0,1,0,0,0,0,0,0,0,0,0,0,0,0,0,0,0,5,1,0,false
D:\Telkom University\Semester 4\PBO\Bidkita\bidkita-backend\src\main\java\com\bidkita\bidkita_backend\exception\BidTooLowException.java,com.bidkita.bidkita_backend.exception.BidTooLowException,BidTooLowException/0,true,4,0,1,1,0,1,0,3,0,0,0,0,0,0,0,0,0,0,1,0,0,0,0,0,0,0,10,1,0,false
D:\Telkom University\Semester 4\PBO\Bidkita\bidkita-backend\src\main\java\com\bidkita\bidkita_backend\security\JwtFilter.java,com.bidkita.bidkita_backend.security.JwtFilter,JwtFilter/1[com.bidkita.bidkita_backend.security.JwtUtil],true,21,1,0,0,0,1,0,3,0,0,1,0,0,0,0,0,0,0,0,0,1,0,0,0,0,0,4,1,0,false
D:\Telkom University\Semester 4\PBO\Bidkita\bidkita-backend\src\main\java\com\bidkita\bidkita_backend\security\JwtFilter.java,com.bidkita.bidkita_backend.security.JwtFilter,"doFilterInternal/3[com.bidkita.bidkita_backend.security.HttpServletRequest,com.bidkita.bidkita_backend.security.HttpServletResponse,com.bidkita.bidkita_backend.security.FilterChain]",false,28,6,3,0,3,4,10,13,0,5,3,10,0,0,0,1,0,0,3,1,5,1,2,0,0,0,26,4,0,false
D:\Telkom University\Semester 4\PBO\Bidkita\bidkita-backend\src\main\java\com\bidkita\bidkita_backend\repository\NotificationRepository.java,com.bidkita.bidkita_backend.repository.NotificationRepository,findByRecipientUserIdOrderByCreatedAtDesc/1[java.lang.String],false,8,1,1,1,0,1,0,1,0,0,1,0,0,0,0,0,0,0,0,0,0,0,0,0,0,0,10,0,0,false
D:\Telkom University\Semester 4\PBO\Bidkita\bidkita-backend\src\main\java\com\bidkita\bidkita_backend\exception\InvalidCredentialsException.java,com.bidkita.bidkita_backend.exception.InvalidCredentialsException,InvalidCredentialsException/1[java.lang.String],true,8,0,0,0,0,1,0,3,0,0,1,0,0,0,0,0,0,0,0,0,0,0,0,0,0,0,4,1,0,false
D:\Telkom University\Semester 4\PBO\Bidkita\bidkita-backend\src\main\java\com\bidkita\bidkita_backend\exception\InvalidCredentialsException.java,com.bidkita.bidkita_backend.exception.InvalidCredentialsException,InvalidCredentialsException/0,true,4,0,1,1,0,1,0,3,0,0,0,0,0,0,0,0,0,0,1,0,0,0,0,0,0,0,5,1,0,false
D:\Telkom University\Semester 4\PBO\Bidkita\bidkita-backend\src\main\java\com\bidkita\bidkita_backend\model\Bid.java,com.bidkita.bidkita_backend.model.Bid,getAmount/0,false,71,0,1,1,0,1,0,3,1,0,0,0,0,0,0,0,0,0,0,0,0,0,0,0,0,0,3,1,0,false
D:\Telkom University\Semester 4\PBO\Bidkita\bidkita-backend\src\main\java\com\bidkita\bidkita_backend\model\Bid.java,com.bidkita.bidkita_backend.model.Bid,getBidder/0,false,63,1,1,1,0,1,0,3,1,0,0,0,0,0,0,0,0,0,0,0,0,0,0,0,0,0,4,1,0,false
D:\Telkom University\Semester 4\PBO\Bidkita\bidkita-backend\src\main\java\com\bidkita\bidkita_backend\model\Bid.java,com.bidkita.bidkita_backend.model.Bid,getAuction/0,false,67,1,1,1,0,1,0,3,1,0,0,0,0,0,0,0,0,0,0,0,0,0,0,0,0,0,3,1,0,false
D:\Telkom University\Semester 4\PBO\Bidkita\bidkita-backend\src\main\java\com\bidkita\bidkita_backend\model\Bid.java,com.bidkita.bidkita_backend.model.Bid,Bid/0,true,41,0,0,0,0,1,0,2,0,0,0,0,0,0,0,0,0,0,0,0,0,0,0,0,0,0,1,1,0,false
D:\Telkom University\Semester 4\PBO\Bidkita\bidkita-backend\src\main\java\com\bidkita\bidkita_backend\model\Bid.java,com.bidkita.bidkita_backend.model.Bid,getBidId/0,false,59,0,1,1,0,1,0,3,1,0,0,0,0,0,0,0,0,0,0,0,0,0,0,0,0,0,4,1,0,false
D:\Telkom University\Semester 4\PBO\Bidkita\bidkita-backend\src\main\java\com\bidkita\bidkita_backend\model\Bid.java,com.bidkita.bidkita_backend.model.Bid,getTimestamp/0,false,75,0,1,1,0,1,0,3,1,0,0,0,0,0,0,0,0,0,0,0,0,0,0,0,0,0,4,1,0,false
D:\Telkom University\Semester 4\PBO\Bidkita\bidkita-backend\src\main\java\com\bidkita\bidkita_backend\model\Bid.java,com.bidkita.bidkita_backend.model.Bid,"Bid/3[com.bidkita.bidkita_backend.model.Buyer,com.bidkita.bidkita_backend.model.Auction,double]",true,43,2,1,1,0,4,0,15,0,0,3,0,0,0,0,2,0,0,3,1,4,0,1,0,0,0,16,1,0,false
D:\Telkom University\Semester 4\PBO\Bidkita\bidkita-backend\src\main\java\com\bidkita\bidkita_backend\scheduler\AuctionScheduler.java,com.bidkita.bidkita_backend.scheduler.AuctionScheduler,"AuctionScheduler/2[com.bidkita.bidkita_backend.repository.AuctionRepository,com.bidkita.bidkita_backend.service.NotificationService]",true,22,2,0,0,0,1,0,4,0,0,2,0,0,0,0,0,0,0,0,0,2,0,0,0,0,0,6,1,0,false
D:\Telkom University\Semester 4\PBO\Bidkita\bidkita-backend\src\main\java\com\bidkita\bidkita_backend\scheduler\AuctionScheduler.java,com.bidkita.bidkita_backend.scheduler.AuctionScheduler,triggerStatusCheck/0,false,28,8,11,0,11,9,15,28,0,5,0,15,0,0,2,5,0,0,4,1,5,4,5,0,0,0,24,1,0,false
D:\Telkom University\Semester 4\PBO\Bidkita\bidkita-backend\src\main\java\com\bidkita\bidkita_backend\controller\BuyerController.java,com.bidkita.bidkita_backend.controller.BuyerController,getBidHistory/0,false,26,5,1,0,1,1,5,4,1,1,0,5,0,0,0,0,0,0,2,0,1,0,0,0,0,0,5,1,0,false
D:\Telkom University\Semester 4\PBO\Bidkita\bidkita-backend\src\main\java\com\bidkita\bidkita_backend\controller\BuyerController.java,com.bidkita.bidkita_backend.controller.BuyerController,BuyerController/1[com.bidkita.bidkita_backend.service.BidService],true,20,1,0,0,0,1,0,3,0,0,1,0,0,0,0,0,0,0,0,0,1,0,0,0,0,0,5,1,0,false
D:\Telkom University\Semester 4\PBO\Bidkita\bidkita-backend\src\main\java\com\bidkita\bidkita_backend\exception\GlobalExceptionHandler.java,com.bidkita.bidkita_backend.exception.GlobalExceptionHandler,handleEmailExists/1[com.bidkita.bidkita_backend.exception.EmailAlreadyExistsException],false,19,3,0,0,0,1,4,3,1,0,1,4,0,0,0,0,0,0,1,0,0,0,0,0,0,0,6,1,0,false
D:\Telkom University\Semester 4\PBO\Bidkita\bidkita-backend\src\main\java\com\bidkita\bidkita_backend\exception\GlobalExceptionHandler.java,com.bidkita.bidkita_backend.exception.GlobalExceptionHandler,handleIllegalArgument/1[java.lang.IllegalArgumentException],false,49,2,0,0,0,1,4,3,1,0,1,4,0,0,0,0,0,0,1,0,0,0,0,0,0,0,5,1,0,false
D:\Telkom University\Semester 4\PBO\Bidkita\bidkita-backend\src\main\java\com\bidkita\bidkita_backend\exception\GlobalExceptionHandler.java,com.bidkita.bidkita_backend.exception.GlobalExceptionHandler,handleNotFound/1[com.bidkita.bidkita_backend.exception.ResourceNotFoundException],false,29,3,0,0,0,1,4,3,1,0,1,4,0,0,0,0,0,0,1,0,0,0,0,0,0,0,6,1,0,false
D:\Telkom University\Semester 4\PBO\Bidkita\bidkita-backend\src\main\java\com\bidkita\bidkita_backend\exception\GlobalExceptionHandler.java,com.bidkita.bidkita_backend.exception.GlobalExceptionHandler,handleInvalidCredentials/1[com.bidkita.bidkita_backend.exception.InvalidCredentialsException],false,24,3,0,0,0,1,4,3,1,0,1,4,0,0,0,0,0,0,1,0,0,0,0,0,0,0,5,1,0,false
D:\Telkom University\Semester 4\PBO\Bidkita\bidkita-backend\src\main\java\com\bidkita\bidkita_backend\exception\GlobalExceptionHandler.java,com.bidkita.bidkita_backend.exception.GlobalExceptionHandler,handleBidTooLow/1[com.bidkita.bidkita_backend.exception.BidTooLowException],false,39,3,0,0,0,1,4,3,1,0,1,4,0,0,0,0,0,0,1,0,0,0,0,0,0,0,6,1,0,false
D:\Telkom University\Semester 4\PBO\Bidkita\bidkita-backend\src\main\java\com\bidkita\bidkita_backend\exception\GlobalExceptionHandler.java,com.bidkita.bidkita_backend.exception.GlobalExceptionHandler,handleGeneral/1[java.lang.Exception],false,60,2,0,0,0,1,6,5,1,0,1,6,0,0,0,0,0,0,3,0,0,0,0,0,0,0,6,1,1,false
D:\Telkom University\Semester 4\PBO\Bidkita\bidkita-backend\src\main\java\com\bidkita\bidkita_backend\exception\GlobalExceptionHandler.java,com.bidkita.bidkita_backend.exception.GlobalExceptionHandler,handleAuctionNotOpen/1[com.bidkita.bidkita_backend.exception.AuctionNotOpenException],false,34,3,0,0,0,1,4,3,1,0,1,4,0,0,0,0,0,0,1,0,0,0,0,0,0,0,6,1,0,false
D:\Telkom University\Semester 4\PBO\Bidkita\bidkita-backend\src\main\java\com\bidkita\bidkita_backend\exception\GlobalExceptionHandler.java,com.bidkita.bidkita_backend.exception.GlobalExceptionHandler,handleAccessDenied/1[com.bidkita.bidkita_backend.exception.AccessDeniedException],false,54,3,0,0,0,1,3,3,1,0,1,3,0,0,0,0,0,0,2,0,0,0,0,0,0,0,11,1,0,false
D:\Telkom University\Semester 4\PBO\Bidkita\bidkita-backend\src\main\java\com\bidkita\bidkita_backend\exception\GlobalExceptionHandler.java,com.bidkita.bidkita_backend.exception.GlobalExceptionHandler,handleInsufficientBalance/1[com.bidkita.bidkita_backend.exception.InsufficientBalanceException],false,44,3,0,0,0,1,4,3,1,0,1,4,0,0,0,0,0,0,1,0,0,0,0,0,0,0,5,1,0,false
D:\Telkom University\Semester 4\PBO\Bidkita\bidkita-backend\src\main\java\com\bidkita\bidkita_backend\security\JwtUtil.java,com.bidkita.bidkita_backend.security.JwtUtil,"JwtUtil/2[java.lang.String,long]",true,20,1,0,0,0,1,2,4,0,0,2,2,0,0,0,0,0,0,2,0,2,0,0,0,0,0,3,1,0,false
D:\Telkom University\Semester 4\PBO\Bidkita\bidkita-backend\src\main\java\com\bidkita\bidkita_backend\security\JwtUtil.java,com.bidkita.bidkita_backend.security.JwtUtil,"generateToken/2[java.lang.String,java.lang.String]",false,25,0,1,1,0,1,8,3,1,0,2,8,0,0,0,0,0,0,1,0,0,1,0,0,0,0,8,1,0,false
D:\Telkom University\Semester 4\PBO\Bidkita\bidkita-backend\src\main\java\com\bidkita\bidkita_backend\security\JwtUtil.java,com.bidkita.bidkita_backend.security.JwtUtil,getUserIdFromToken/1[java.lang.String],false,35,1,2,1,1,1,2,3,1,0,1,2,1,1,0,0,0,0,0,0,0,0,0,0,0,0,8,1,0,false
D:\Telkom University\Semester 4\PBO\Bidkita\bidkita-backend\src\main\java\com\bidkita\bidkita_backend\security\JwtUtil.java,com.bidkita.bidkita_backend.security.JwtUtil,validateToken/1[java.lang.String],false,43,1,2,1,1,2,1,9,2,0,1,1,1,1,0,0,1,0,0,0,0,0,1,0,0,0,9,1,0,false
D:\Telkom University\Semester 4\PBO\Bidkita\bidkita-backend\src\main\java\com\bidkita\bidkita_backend\security\JwtUtil.java,com.bidkita.bidkita_backend.security.JwtUtil,getRoleFromToken/1[java.lang.String],false,39,1,2,1,1,1,2,3,1,0,1,2,1,1,0,0,0,0,1,0,0,0,0,0,0,0,7,1,0,false
D:\Telkom University\Semester 4\PBO\Bidkita\bidkita-backend\src\main\java\com\bidkita\bidkita_backend\security\JwtUtil.java,com.bidkita.bidkita_backend.security.JwtUtil,parseClaims/1[java.lang.String],false,52,1,3,3,0,1,5,3,1,0,1,5,0,0,0,0,0,0,0,0,0,0,0,0,0,0,4,2,0,false
D:\Telkom University\Semester 4\PBO\Bidkita\bidkita-backend\src\main\java\com\bidkita\bidkita_backend\repository\UserRepository.java,com.bidkita.bidkita_backend.repository.UserRepository,existsByEmail/1[java.lang.String],false,9,0,1,1,0,1,0,1,0,0,1,0,0,0,0,0,0,0,0,0,0,0,0,0,0,0,4,0,0,false
D:\Telkom University\Semester 4\PBO\Bidkita\bidkita-backend\src\main\java\com\bidkita\bidkita_backend\repository\UserRepository.java,com.bidkita.bidkita_backend.repository.UserRepository,existsByUsername/1[java.lang.String],false,10,0,1,1,0,1,0,1,0,0,1,0,0,0,0,0,0,0,0,0,0,0,0,0,0,0,4,0,0,false
D:\Telkom University\Semester 4\PBO\Bidkita\bidkita-backend\src\main\java\com\bidkita\bidkita_backend\repository\UserRepository.java,com.bidkita.bidkita_backend.repository.UserRepository,findByEmail/1[java.lang.String],false,8,1,1,1,0,1,0,1,0,0,1,0,0,0,0,0,0,0,0,0,0,0,0,0,0,0,4,0,0,false
D:\Telkom University\Semester 4\PBO\Bidkita\bidkita-backend\src\main\java\com\bidkita\bidkita_backend\controller\AuthController.java,com.bidkita.bidkita_backend.controller.AuthController,login/1[com.bidkita.bidkita_backend.dto.request.LoginRequestDTO],false,33,6,1,0,1,1,2,3,1,0,1,2,0,0,0,0,0,0,1,0,0,0,0,0,0,0,7,1,0,false
D:\Telkom University\Semester 4\PBO\Bidkita\bidkita-backend\src\main\java\com\bidkita\bidkita_backend\controller\AuthController.java,com.bidkita.bidkita_backend.controller.AuthController,getMe/0,false,38,4,1,0,1,1,5,4,1,1,0,5,0,0,0,0,0,0,1,0,1,0,0,0,0,0,4,1,0,false
D:\Telkom University\Semester 4\PBO\Bidkita\bidkita-backend\src\main\java\com\bidkita\bidkita_backend\controller\AuthController.java,com.bidkita.bidkita_backend.controller.AuthController,register/1[com.bidkita.bidkita_backend.dto.request.RegisterRequestDTO],false,26,5,1,0,1,1,4,4,1,0,1,4,0,0,0,0,0,0,3,0,0,0,0,0,0,0,7,1,0,false
D:\Telkom University\Semester 4\PBO\Bidkita\bidkita-backend\src\main\java\com\bidkita\bidkita_backend\controller\AuthController.java,com.bidkita.bidkita_backend.controller.AuthController,AuthController/1[com.bidkita.bidkita_backend.service.AuthService],true,21,1,0,0,0,1,0,3,0,0,1,0,0,0,0,0,0,0,0,0,1,0,0,0,0,0,4,1,0,false
D:\Telkom University\Semester 4\PBO\Bidkita\bidkita-backend\src\main\java\com\bidkita\bidkita_backend\controller\AdminController.java,com.bidkita.bidkita_backend.controller.AdminController,"AdminController/2[com.bidkita.bidkita_backend.service.AuthService,com.bidkita.bidkita_backend.service.AuctionService]",true,22,2,0,0,0,1,0,4,0,0,2,0,0,0,0,0,0,0,0,0,2,0,0,0,0,0,6,1,0,false
D:\Telkom University\Semester 4\PBO\Bidkita\bidkita-backend\src\main\java\com\bidkita\bidkita_backend\controller\AdminController.java,com.bidkita.bidkita_backend.controller.AdminController,getAllUsers/0,false,29,5,1,0,1,1,2,3,1,0,0,2,0,0,0,0,0,0,2,0,0,0,0,0,0,0,3,1,0,false
D:\Telkom University\Semester 4\PBO\Bidkita\bidkita-backend\src\main\java\com\bidkita\bidkita_backend\controller\AdminController.java,com.bidkita.bidkita_backend.controller.AdminController,getAllAuctions/0,false,35,5,1,0,1,1,2,3,1,0,0,2,0,0,0,0,0,0,2,0,0,0,0,0,0,0,3,1,0,false
D:\Telkom University\Semester 4\PBO\Bidkita\bidkita-backend\src\main\java\com\bidkita\bidkita_backend\security\SecurityConfig.java,com.bidkita.bidkita_backend.security.SecurityConfig,filterChain/1[com.bidkita.bidkita_backend.security.HttpSecurity],false,32,4,0,0,0,1,21,14,1,11,1,21,0,0,0,0,0,0,8,0,0,0,1,0,0,7,25,1,0,false
D:\Telkom University\Semester 4\PBO\Bidkita\bidkita-backend\src\main\java\com\bidkita\bidkita_backend\security\SecurityConfig.java,com.bidkita.bidkita_backend.security.SecurityConfig,corsConfigurationSource/0,false,59,3,0,0,0,1,6,8,1,2,0,6,0,0,0,0,0,0,7,0,1,0,0,0,0,1,7,1,0,false
D:\Telkom University\Semester 4\PBO\Bidkita\bidkita-backend\src\main\java\com\bidkita\bidkita_backend\security\SecurityConfig.java,com.bidkita.bidkita_backend.security.SecurityConfig,passwordEncoder/0,false,69,3,0,0,0,1,0,3,1,0,0,0,0,0,0,0,0,0,0,0,0,0,0,0,0,0,5,1,0,false
D:\Telkom University\Semester 4\PBO\Bidkita\bidkita-backend\src\main\java\com\bidkita\bidkita_backend\security\SecurityConfig.java,com.bidkita.bidkita_backend.security.SecurityConfig,SecurityConfig/1[com.bidkita.bidkita_backend.security.JwtFilter],true,27,1,0,0,0,1,0,3,0,0,1,0,0,0,0,0,0,0,0,0,1,0,0,0,0,0,5,1,0,false
D:\Telkom University\Semester 4\PBO\Bidkita\bidkita-backend\src\main\java\com\bidkita\bidkita_backend\exception\AuctionNotOpenException.java,com.bidkita.bidkita_backend.exception.AuctionNotOpenException,AuctionNotOpenException/1[java.lang.String],true,8,0,0,0,0,1,0,3,0,0,1,0,0,0,0,0,0,0,0,0,0,0,0,0,0,0,5,1,0,false
D:\Telkom University\Semester 4\PBO\Bidkita\bidkita-backend\src\main\java\com\bidkita\bidkita_backend\exception\AuctionNotOpenException.java,com.bidkita.bidkita_backend.exception.AuctionNotOpenException,AuctionNotOpenException/0,true,4,0,1,1,0,1,0,3,0,0,0,0,0,0,0,0,0,0,1,0,0,0,0,0,0,0,12,1,0,false
D:\Telkom University\Semester 4\PBO\Bidkita\bidkita-backend\src\main\java\com\bidkita\bidkita_backend\model\Auction.java,com.bidkita.bidkita_backend.model.Auction,getStartTime/0,false,181,0,0,0,0,1,0,3,1,0,0,0,0,0,0,0,0,0,0,0,0,0,0,0,0,0,5,1,0,false
D:\Telkom University\Semester 4\PBO\Bidkita\bidkita-backend\src\main\java\com\bidkita\bidkita_backend\model\Auction.java,com.bidkita.bidkita_backend.model.Auction,"Auction/4[com.bidkita.bidkita_backend.model.Item,com.bidkita.bidkita_backend.model.Seller,double,int]",true,76,3,3,3,0,5,1,21,0,0,4,1,0,0,0,2,0,0,4,3,7,2,1,0,0,0,25,1,0,false
D:\Telkom University\Semester 4\PBO\Bidkita\bidkita-backend\src\main\java\com\bidkita\bidkita_backend\model\Auction.java,com.bidkita.bidkita_backend.model.Auction,getAuctionId/0,false,146,0,3,3,0,1,0,3,1,0,0,0,0,0,0,0,0,0,0,0,0,0,0,0,0,0,4,1,0,false
D:\Telkom University\Semester 4\PBO\Bidkita\bidkita-backend\src\main\java\com\bidkita\bidkita_backend\model\Auction.java,com.bidkita.bidkita_backend.model.Auction,getItem/0,false,150,1,6,6,0,1,0,3,1,0,0,0,0,0,0,0,0,0,0,0,0,0,0,0,0,0,3,1,0,false
D:\Telkom University\Semester 4\PBO\Bidkita\bidkita-backend\src\main\java\com\bidkita\bidkita_backend\model\Auction.java,com.bidkita.bidkita_backend.model.Auction,getRemainingTime/0,false,139,0,3,3,0,2,3,6,2,0,0,3,0,0,0,1,0,1,0,3,0,2,1,0,0,0,5,1,0,false
D:\Telkom University\Semester 4\PBO\Bidkita\bidkita-backend\src\main\java\com\bidkita\bidkita_backend\model\Auction.java,com.bidkita.bidkita_backend.model.Auction,setStatus/1[com.bidkita.bidkita_backend.model.enums.AuctionStatus],false,193,1,5,5,0,2,0,6,0,0,1,0,0,0,0,1,0,0,1,0,1,0,1,0,0,0,11,1,0,false
D:\Telkom University\Semester 4\PBO\Bidkita\bidkita-backend\src\main\java\com\bidkita\bidkita_backend\model\Auction.java,com.bidkita.bidkita_backend.model.Auction,setHighestBidder/1[com.bidkita.bidkita_backend.model.Buyer],false,214,1,1,1,0,1,0,3,0,0,1,0,0,0,0,0,0,0,0,0,1,0,0,0,0,0,5,1,0,false
D:\Telkom University\Semester 4\PBO\Bidkita\bidkita-backend\src\main\java\com\bidkita\bidkita_backend\model\Auction.java,com.bidkita.bidkita_backend.model.Auction,getBuyNowPrice/0,false,170,0,2,2,0,1,0,3,1,0,0,0,0,0,0,0,0,0,0,0,0,0,0,0,0,0,6,1,0,false
D:\Telkom University\Semester 4\PBO\Bidkita\bidkita-backend\src\main\java\com\bidkita\bidkita_backend\model\Auction.java,com.bidkita.bidkita_backend.model.Auction,setCurrentPrice/1[double],false,163,0,0,0,0,2,0,6,0,0,1,0,0,0,0,0,0,0,1,1,1,0,1,0,0,0,12,1,0,false
D:\Telkom University\Semester 4\PBO\Bidkita\bidkita-backend\src\main\java\com\bidkita\bidkita_backend\model\Auction.java,com.bidkita.bidkita_backend.model.Auction,Auction/0,true,69,1,0,0,0,1,0,6,0,0,0,0,0,0,0,0,0,0,0,0,4,0,0,0,0,0,2,1,0,false
D:\Telkom University\Semester 4\PBO\Bidkita\bidkita-backend\src\main\java\com\bidkita\bidkita_backend\model\Auction.java,com.bidkita.bidkita_backend.model.Auction,getBids/0,false,200,1,2,2,0,1,0,3,1,0,0,0,0,0,0,0,0,0,0,0,0,0,0,0,0,0,3,1,0,false
D:\Telkom University\Semester 4\PBO\Bidkita\bidkita-backend\src\main\java\com\bidkita\bidkita_backend\model\Auction.java,com.bidkita.bidkita_backend.model.Auction,setBuyNowPrice/1[java.lang.Double],false,174,0,2,2,0,3,0,6,0,0,1,0,0,0,0,1,0,0,1,0,1,0,1,0,0,0,19,1,0,false
D:\Telkom University\Semester 4\PBO\Bidkita\bidkita-backend\src\main\java\com\bidkita\bidkita_backend\model\Auction.java,com.bidkita.bidkita_backend.model.Auction,"placeBid/2[com.bidkita.bidkita_backend.model.Buyer,double]",false,99,7,12,3,9,11,8,22,1,1,2,8,0,0,0,6,0,0,0,0,3,0,1,0,0,0,21,1,0,false
D:\Telkom University\Semester 4\PBO\Bidkita\bidkita-backend\src\main\java\com\bidkita\bidkita_backend\model\Auction.java,com.bidkita.bidkita_backend.model.Auction,getHighestBidder/0,false,210,1,5,5,0,1,0,3,1,0,0,0,0,0,0,0,0,0,0,0,0,0,0,0,0,0,5,1,0,false
D:\Telkom University\Semester 4\PBO\Bidkita\bidkita-backend\src\main\java\com\bidkita\bidkita_backend\model\Auction.java,com.bidkita.bidkita_backend.model.Auction,getStatus/0,false,189,1,4,4,0,1,0,3,1,0,0,0,0,0,0,0,0,0,0,0,0,0,0,0,0,0,4,1,0,false
D:\Telkom University\Semester 4\PBO\Bidkita\bidkita-backend\src\main\java\com\bidkita\bidkita_backend\model\Auction.java,com.bidkita.bidkita_backend.model.Auction,getCurrentPrice/0,false,159,0,2,2,0,1,0,3,1,0,0,0,0,0,0,0,0,0,0,0,0,0,0,0,0,0,4,1,0,false
D:\Telkom University\Semester 4\PBO\Bidkita\bidkita-backend\src\main\java\com\bidkita\bidkita_backend\model\Auction.java,com.bidkita.bidkita_backend.model.Auction,updateStatus/0,false,126,1,2,1,1,5,1,9,0,1,0,1,1,1,0,2,0,1,0,2,3,0,1,0,0,0,10,1,0,false
D:\Telkom University\Semester 4\PBO\Bidkita\bidkita-backend\src\main\java\com\bidkita\bidkita_backend\model\Auction.java,com.bidkita.bidkita_backend.model.Auction,getBidHistory/0,false,205,1,0,0,0,1,0,3,1,0,0,0,0,0,0,0,0,0,0,0,0,0,0,0,0,0,4,1,0,false
D:\Telkom University\Semester 4\PBO\Bidkita\bidkita-backend\src\main\java\com\bidkita\bidkita_backend\model\Auction.java,com.bidkita.bidkita_backend.model.Auction,getSeller/0,false,154,1,4,4,0,1,0,3,1,0,0,0,0,0,0,0,0,0,0,0,0,0,0,0,0,0,3,1,0,false
D:\Telkom University\Semester 4\PBO\Bidkita\bidkita-backend\src\main\java\com\bidkita\bidkita_backend\model\Auction.java,com.bidkita.bidkita_backend.model.Auction,getEndTime/0,false,185,0,0,0,0,1,0,3,1,0,0,0,0,0,0,0,0,0,0,0,0,0,0,0,0,0,5,1,0,false
D:\Telkom University\Semester 4\PBO\Bidkita\bidkita-backend\src\main\java\com\bidkita\bidkita_backend\model\Auction.java,com.bidkita.bidkita_backend.model.Auction,isExpired/0,false,135,1,1,0,1,2,1,3,1,0,0,1,1,1,0,0,0,0,0,1,0,0,0,0,0,0,5,1,0,false
D:\Telkom University\Semester 4\PBO\Bidkita\bidkita-backend\src\main\java\com\bidkita\bidkita_backend\model\Buyer.java,com.bidkita.bidkita_backend.model.Buyer,setWallet/1[com.bidkita.bidkita_backend.model.Wallet],false,62,1,2,0,2,3,2,6,0,0,1,2,0,0,0,2,0,0,0,0,1,0,1,0,0,0,4,1,0,false
D:\Telkom University\Semester 4\PBO\Bidkita\bidkita-backend\src\main\java\com\bidkita\bidkita_backend\model\Buyer.java,com.bidkita.bidkita_backend.model.Buyer,Buyer/0,true,40,0,0,0,0,1,0,2,0,0,0,0,0,0,0,0,0,0,0,0,0,0,0,0,0,0,1,1,0,false
D:\Telkom University\Semester 4\PBO\Bidkita\bidkita-backend\src\main\java\com\bidkita\bidkita_backend\model\Buyer.java,com.bidkita.bidkita_backend.model.Buyer,getRole/0,false,54,0,0,0,0,1,0,3,1,0,0,0,0,0,0,0,0,0,1,0,0,0,0,0,0,0,2,1,0,false
D:\Telkom University\Semester 4\PBO\Bidkita\bidkita-backend\src\main\java\com\bidkita\bidkita_backend\model\Buyer.java,com.bidkita.bidkita_backend.model.Buyer,"placeBid/2[com.bidkita.bidkita_backend.model.Auction,double]",false,77,1,1,0,1,2,1,6,1,0,2,1,0,0,0,1,0,0,1,0,0,0,1,0,0,0,11,1,0,false
D:\Telkom University\Semester 4\PBO\Bidkita\bidkita-backend\src\main\java\com\bidkita\bidkita_backend\model\Buyer.java,com.bidkita.bidkita_backend.model.Buyer,"Buyer/4[java.lang.String,java.lang.String,java.lang.String,java.lang.String]",true,42,4,8,2,6,1,5,10,0,0,4,5,0,0,0,0,0,0,0,0,3,0,0,0,0,0,12,1,0,false
D:\Telkom University\Semester 4\PBO\Bidkita\bidkita-backend\src\main\java\com\bidkita\bidkita_backend\model\Buyer.java,com.bidkita.bidkita_backend.model.Buyer,getWallet/0,false,58,1,5,5,0,1,0,3,1,0,0,0,0,0,0,0,0,0,0,0,0,0,0,0,0,0,3,1,0,false
D:\Telkom University\Semester 4\PBO\Bidkita\bidkita-backend\src\main\java\com\bidkita\bidkita_backend\model\Buyer.java,com.bidkita.bidkita_backend.model.Buyer,addToWatchlist/1[com.bidkita.bidkita_backend.model.Auction],false,84,1,0,0,0,3,2,8,0,0,1,2,0,0,0,1,0,0,1,0,0,0,1,0,0,0,11,1,0,false
D:\Telkom University\Semester 4\PBO\Bidkita\bidkita-backend\src\main\java\com\bidkita\bidkita_backend\model\Buyer.java,com.bidkita.bidkita_backend.model.Buyer,getWatchlist/0,false,73,1,0,0,0,1,0,3,1,0,0,0,0,0,0,0,0,0,0,0,0,0,0,0,0,0,3,1,0,false
D:\Telkom University\Semester 4\PBO\Bidkita\bidkita-backend\src\main\java\com\bidkita\bidkita_backend\model\Buyer.java,com.bidkita.bidkita_backend.model.Buyer,getBidHistory/0,false,69,1,2,2,0,1,0,3,1,0,0,0,0,0,0,0,0,0,0,0,0,0,0,0,0,0,4,1,0,false
D:\Telkom University\Semester 4\PBO\Bidkita\bidkita-backend\src\main\java\com\bidkita\bidkita_backend\service\AuctionService.java,com.bidkita.bidkita_backend.service.AuctionService,getSellerAuctions/1[java.lang.String],false,145,3,2,1,1,1,4,3,1,0,1,4,0,0,0,0,0,0,0,0,0,0,0,0,0,0,8,1,0,false
D:\Telkom University\Semester 4\PBO\Bidkita\bidkita-backend\src\main\java\com\bidkita\bidkita_backend\service\AuctionService.java,com.bidkita.bidkita_backend.service.AuctionService,"AuctionService/5[com.bidkita.bidkita_backend.repository.AuctionRepository,com.bidkita.bidkita_backend.repository.ItemRepository,com.bidkita.bidkita_backend.repository.UserRepository,com.bidkita.bidkita_backend.service.NotificationService,com.bidkita.bidkita_backend.service.ItemFactory]",true,31,5,0,0,0,1,0,7,0,0,5,0,0,0,0,0,0,0,0,0,5,0,0,0,0,0,8,1,0,false
D:\Telkom University\Semester 4\PBO\Bidkita\bidkita-backend\src\main\java\com\bidkita\bidkita_backend\service\AuctionService.java,com.bidkita.bidkita_backend.service.AuctionService,approveAuction/1[java.lang.String],false,91,7,7,1,6,1,9,7,1,1,1,9,1,1,0,0,0,0,2,0,1,1,0,0,0,1,15,1,0,false
D:\Telkom University\Semester 4\PBO\Bidkita\bidkita-backend\src\main\java\com\bidkita\bidkita_backend\service\AuctionService.java,com.bidkita.bidkita_backend.service.AuctionService,toDTO/1[com.bidkita.bidkita_backend.model.Auction],false,156,4,18,4,14,2,15,4,1,1,1,15,0,0,0,1,0,0,0,0,1,0,0,0,0,0,11,1,0,false
D:\Telkom University\Semester 4\PBO\Bidkita\bidkita-backend\src\main\java\com\bidkita\bidkita_backend\service\AuctionService.java,com.bidkita.bidkita_backend.service.AuctionService,"createAuction/2[java.lang.String,com.bidkita.bidkita_backend.dto.request.CreateAuctionRequestDTO]",false,59,9,5,1,4,12,14,26,1,3,2,14,1,1,0,6,0,0,6,2,3,0,1,0,0,1,29,1,0,false
D:\Telkom University\Semester 4\PBO\Bidkita\bidkita-backend\src\main\java\com\bidkita\bidkita_backend\service\AuctionService.java,com.bidkita.bidkita_backend.service.AuctionService,"browse/4[java.lang.String,java.lang.String,java.lang.Double,java.lang.Double]",false,41,2,1,1,0,7,11,3,1,4,4,11,0,0,0,4,0,0,0,0,0,0,0,0,0,4,11,1,0,false
D:\Telkom University\Semester 4\PBO\Bidkita\bidkita-backend\src\main\java\com\bidkita\bidkita_backend\service\AuctionService.java,com.bidkita.bidkita_backend.service.AuctionService,getAllAuctions/0,false,152,2,1,1,0,1,4,3,1,0,0,4,0,0,0,0,0,0,0,0,0,0,0,0,0,0,6,1,0,false
D:\Telkom University\Semester 4\PBO\Bidkita\bidkita-backend\src\main\java\com\bidkita\bidkita_backend\service\AuctionService.java,com.bidkita.bidkita_backend.service.AuctionService,getDetail/1[java.lang.String],false,52,5,2,1,1,1,3,4,1,1,1,3,1,1,0,0,0,0,1,0,1,0,0,0,0,1,18,1,0,false
D:\Telkom University\Semester 4\PBO\Bidkita\bidkita-backend\src\main\java\com\bidkita\bidkita_backend\service\AuctionService.java,com.bidkita.bidkita_backend.service.AuctionService,deleteAuction/1[java.lang.String],false,102,2,1,1,0,1,3,4,0,1,1,3,0,0,0,0,0,0,1,0,1,0,0,0,0,1,9,1,0,false
D:\Telkom University\Semester 4\PBO\Bidkita\bidkita-backend\src\main\java\com\bidkita\bidkita_backend\service\AuctionService.java,com.bidkita.bidkita_backend.service.AuctionService,"buyNow/2[java.lang.String,java.lang.String]",false,109,11,17,1,16,6,19,22,1,3,2,19,1,1,0,3,0,0,5,0,3,2,1,0,0,2,30,1,0,false
D:\Telkom University\Semester 4\PBO\Bidkita\bidkita-backend\src\main\java\com\bidkita\bidkita_backend\controller\SellerController.java,com.bidkita.bidkita_backend.controller.SellerController,SellerController/1[com.bidkita.bidkita_backend.service.AuctionService],true,20,1,0,0,0,1,0,3,0,0,1,0,0,0,0,0,0,0,0,0,1,0,0,0,0,0,5,1,0,false
D:\Telkom University\Semester 4\PBO\Bidkita\bidkita-backend\src\main\java\com\bidkita\bidkita_backend\controller\SellerController.java,com.bidkita.bidkita_backend.controller.SellerController,getSellerAuctions/0,false,26,5,1,0,1,1,5,4,1,1,0,5,0,0,0,0,0,0,2,0,1,0,0,0,0,0,5,1,0,false
D:\Telkom University\Semester 4\PBO\Bidkita\bidkita-backend\src\main\java\com\bidkita\bidkita_backend\repository\AuctionRepository.java,com.bidkita.bidkita_backend.repository.AuctionRepository,findByStatus/1[com.bidkita.bidkita_backend.model.enums.AuctionStatus],false,11,2,0,0,0,1,0,1,0,0,1,0,0,0,0,0,0,0,0,0,0,0,0,0,0,0,5,0,0,false
D:\Telkom University\Semester 4\PBO\Bidkita\bidkita-backend\src\main\java\com\bidkita\bidkita_backend\repository\AuctionRepository.java,com.bidkita.bidkita_backend.repository.AuctionRepository,findBySellerUserId/1[java.lang.String],false,10,1,1,1,0,1,0,1,0,0,1,0,0,0,0,0,0,0,0,0,0,0,0,0,0,0,6,0,0,false
D:\Telkom University\Semester 4\PBO\Bidkita\bidkita-backend\src\main\java\com\bidkita\bidkita_backend\repository\AuctionRepository.java,com.bidkita.bidkita_backend.repository.AuctionRepository,findByStatusIn/1[java.util.List<com.bidkita.bidkita_backend.model.enums.AuctionStatus>],false,9,2,1,1,0,1,0,1,0,0,1,0,0,0,0,0,0,0,0,0,0,0,0,0,0,0,5,0,0,false
D:\Telkom University\Semester 4\PBO\Bidkita\bidkita-backend\src\main\java\com\bidkita\bidkita_backend\BidkitaBackendApplication.java,com.bidkita.bidkita_backend.BidkitaBackendApplication,main/1[java.lang.String[]],false,12,1,0,0,0,1,1,3,0,0,1,1,0,0,0,0,0,0,0,0,0,0,0,0,0,0,2,9,0,false
D:\Telkom University\Semester 4\PBO\Bidkita\bidkita-backend\src\main\java\com\bidkita\bidkita_backend\model\WalletTransaction.java,com.bidkita.bidkita_backend.model.WalletTransaction,WalletTransaction/0,true,36,0,0,0,0,1,0,2,0,0,0,0,0,0,0,0,0,0,0,0,0,0,0,0,0,0,2,1,0,false
D:\Telkom University\Semester 4\PBO\Bidkita\bidkita-backend\src\main\java\com\bidkita\bidkita_backend\model\WalletTransaction.java,com.bidkita.bidkita_backend.model.WalletTransaction,getCreatedAt/0,false,56,0,1,1,0,1,0,3,1,0,0,0,0,0,0,0,0,0,0,0,0,0,0,0,0,0,5,1,0,false
D:\Telkom University\Semester 4\PBO\Bidkita\bidkita-backend\src\main\java\com\bidkita\bidkita_backend\model\WalletTransaction.java,com.bidkita.bidkita_backend.model.WalletTransaction,"WalletTransaction/2[double,com.bidkita.bidkita_backend.model.enums.TransactionType]",true,38,1,3,3,0,1,0,5,0,0,2,0,0,0,0,0,0,0,0,0,3,0,0,0,0,0,5,1,0,false
D:\Telkom University\Semester 4\PBO\Bidkita\bidkita-backend\src\main\java\com\bidkita\bidkita_backend\model\WalletTransaction.java,com.bidkita.bidkita_backend.model.WalletTransaction,getType/0,false,52,1,1,1,0,1,0,3,1,0,0,0,0,0,0,0,0,0,0,0,0,0,0,0,0,0,4,1,0,false
D:\Telkom University\Semester 4\PBO\Bidkita\bidkita-backend\src\main\java\com\bidkita\bidkita_backend\model\WalletTransaction.java,com.bidkita.bidkita_backend.model.WalletTransaction,getId/0,false,44,0,1,1,0,1,0,3,1,0,0,0,0,0,0,0,0,0,0,0,0,0,0,0,0,0,4,1,0,false
D:\Telkom University\Semester 4\PBO\Bidkita\bidkita-backend\src\main\java\com\bidkita\bidkita_backend\model\WalletTransaction.java,com.bidkita.bidkita_backend.model.WalletTransaction,getAmount/0,false,48,0,1,1,0,1,0,3,1,0,0,0,0,0,0,0,0,0,0,0,0,0,0,0,0,0,3,1,0,false
D:\Telkom University\Semester 4\PBO\Bidkita\bidkita-backend\src\main\java\com\bidkita\bidkita_backend\exception\InsufficientBalanceException.java,com.bidkita.bidkita_backend.exception.InsufficientBalanceException,InsufficientBalanceException/1[java.lang.String],true,8,0,0,0,0,1,0,3,0,0,1,0,0,0,0,0,0,0,0,0,0,0,0,0,0,0,4,1,0,false
D:\Telkom University\Semester 4\PBO\Bidkita\bidkita-backend\src\main\java\com\bidkita\bidkita_backend\exception\InsufficientBalanceException.java,com.bidkita.bidkita_backend.exception.InsufficientBalanceException,InsufficientBalanceException/0,true,4,0,2,2,0,1,0,3,0,0,0,0,0,0,0,0,0,0,1,0,0,0,0,0,0,0,5,1,0,false
D:\Telkom University\Semester 4\PBO\Bidkita\bidkita-backend\src\main\java\com\bidkita\bidkita_backend\model\ElectronicItem.java,com.bidkita.bidkita_backend.model.ElectronicItem,isUnderWarranty/0,false,60,0,0,0,0,1,0,3,1,0,0,0,0,0,0,0,0,0,0,0,0,0,0,0,0,0,5,1,0,false
D:\Telkom University\Semester 4\PBO\Bidkita\bidkita-backend\src\main\java\com\bidkita\bidkita_backend\model\ElectronicItem.java,com.bidkita.bidkita_backend.model.ElectronicItem,getBrand/0,false,40,0,0,0,0,1,0,3,1,0,0,0,0,0,0,0,0,0,0,0,0,0,0,0,0,0,3,1,0,false
D:\Telkom University\Semester 4\PBO\Bidkita\bidkita-backend\src\main\java\com\bidkita\bidkita_backend\model\ElectronicItem.java,com.bidkita.bidkita_backend.model.ElectronicItem,isWarrantyStatus/0,false,56,0,0,0,0,1,0,3,1,0,0,0,0,0,0,0,0,0,0,0,0,0,0,0,0,0,4,1,0,false
D:\Telkom University\Semester 4\PBO\Bidkita\bidkita-backend\src\main\java\com\bidkita\bidkita_backend\model\ElectronicItem.java,com.bidkita.bidkita_backend.model.ElectronicItem,getType/0,false,48,0,0,0,0,1,0,3,1,0,0,0,0,0,0,0,0,0,0,0,0,0,0,0,0,0,3,1,0,false
D:\Telkom University\Semester 4\PBO\Bidkita\bidkita-backend\src\main\java\com\bidkita\bidkita_backend\model\ElectronicItem.java,com.bidkita.bidkita_backend.model.ElectronicItem,displayInfo/0,false,36,0,0,0,0,1,1,3,0,0,0,1,0,0,0,0,0,0,4,0,0,1,0,0,0,0,7,1,0,false
D:\Telkom University\Semester 4\PBO\Bidkita\bidkita-backend\src\main\java\com\bidkita\bidkita_backend\model\ElectronicItem.java,com.bidkita.bidkita_backend.model.ElectronicItem,getCategory/0,false,31,0,0,0,0,1,0,3,1,0,0,0,0,0,0,0,0,0,1,0,0,0,0,0,0,0,2,1,0,false
D:\Telkom University\Semester 4\PBO\Bidkita\bidkita-backend\src\main\java\com\bidkita\bidkita_backend\model\ElectronicItem.java,com.bidkita.bidkita_backend.model.ElectronicItem,setBrand/1[java.lang.String],false,44,0,2,2,0,1,0,3,0,0,1,0,0,0,0,0,0,0,0,0,1,0,0,0,0,0,3,1,0,false
D:\Telkom University\Semester 4\PBO\Bidkita\bidkita-backend\src\main\java\com\bidkita\bidkita_backend\model\ElectronicItem.java,com.bidkita.bidkita_backend.model.ElectronicItem,ElectronicItem/0,true,16,0,1,1,0,1,0,2,0,0,0,0,0,0,0,0,0,0,0,0,0,0,0,0,0,0,2,1,0,false
D:\Telkom University\Semester 4\PBO\Bidkita\bidkita-backend\src\main\java\com\bidkita\bidkita_backend\model\ElectronicItem.java,com.bidkita.bidkita_backend.model.ElectronicItem,setWarrantyStatus/1[boolean],false,64,0,2,2,0,1,0,3,0,0,1,0,0,0,0,0,0,0,0,0,1,0,0,0,0,0,4,1,0,false
D:\Telkom University\Semester 4\PBO\Bidkita\bidkita-backend\src\main\java\com\bidkita\bidkita_backend\model\ElectronicItem.java,com.bidkita.bidkita_backend.model.ElectronicItem,setType/1[java.lang.String],false,52,0,2,2,0,1,0,3,0,0,1,0,0,0,0,0,0,0,0,0,1,0,0,0,0,0,3,1,0,false
D:\Telkom University\Semester 4\PBO\Bidkita\bidkita-backend\src\main\java\com\bidkita\bidkita_backend\model\ElectronicItem.java,com.bidkita.bidkita_backend.model.ElectronicItem,"ElectronicItem/8[java.lang.String,java.lang.String,java.lang.String,java.lang.String,double,java.lang.String,java.lang.String,boolean]",true,19,2,8,0,8,1,8,10,0,0,8,8,3,1,0,0,0,0,0,0,0,0,0,0,0,0,22,1,0,false
D:\Telkom University\Semester 4\PBO\Bidkita\bidkita-backend\src\main\java\com\bidkita\bidkita_backend\model\VehicleItem.java,com.bidkita.bidkita_backend.model.VehicleItem,VehicleItem/0,true,17,0,1,1,0,1,0,2,0,0,0,0,0,0,0,0,0,0,0,0,0,0,0,0,0,0,2,1,0,false
D:\Telkom University\Semester 4\PBO\Bidkita\bidkita-backend\src\main\java\com\bidkita\bidkita_backend\model\VehicleItem.java,com.bidkita.bidkita_backend.model.VehicleItem,getCategory/0,false,33,0,0,0,0,1,0,3,1,0,0,0,0,0,0,0,0,0,1,0,0,0,0,0,0,0,2,1,0,false
D:\Telkom University\Semester 4\PBO\Bidkita\bidkita-backend\src\main\java\com\bidkita\bidkita_backend\model\VehicleItem.java,com.bidkita.bidkita_backend.model.VehicleItem,"VehicleItem/9[java.lang.String,java.lang.String,java.lang.String,java.lang.String,double,java.lang.String,int,int,java.lang.String]",true,20,2,9,0,9,1,9,11,0,0,9,9,4,1,0,0,0,0,0,0,0,0,0,0,0,0,24,1,0,false
D:\Telkom University\Semester 4\PBO\Bidkita\bidkita-backend\src\main\java\com\bidkita\bidkita_backend\model\VehicleItem.java,com.bidkita.bidkita_backend.model.VehicleItem,setBrand/1[java.lang.String],false,46,0,2,2,0,1,0,3,0,0,1,0,0,0,0,0,0,0,0,0,1,0,0,0,0,0,3,1,0,false
D:\Telkom University\Semester 4\PBO\Bidkita\bidkita-backend\src\main\java\com\bidkita\bidkita_backend\model\VehicleItem.java,com.bidkita.bidkita_backend.model.VehicleItem,setPlatNumber/1[java.lang.String],false,70,0,2,2,0,1,0,3,0,0,1,0,0,0,0,0,0,0,0,0,1,0,0,0,0,0,4,1,0,false
D:\Telkom University\Semester 4\PBO\Bidkita\bidkita-backend\src\main\java\com\bidkita\bidkita_backend\model\VehicleItem.java,com.bidkita.bidkita_backend.model.VehicleItem,displayInfo/0,false,38,0,0,0,0,1,1,3,0,0,0,1,0,0,0,0,0,0,4,0,0,1,0,0,0,0,6,1,0,false
D:\Telkom University\Semester 4\PBO\Bidkita\bidkita-backend\src\main\java\com\bidkita\bidkita_backend\model\VehicleItem.java,com.bidkita.bidkita_backend.model.VehicleItem,setYear/1[int],false,54,0,2,2,0,1,0,3,0,0,1,0,0,0,0,0,0,0,0,0,1,0,0,0,0,0,3,1,0,false
D:\Telkom University\Semester 4\PBO\Bidkita\bidkita-backend\src\main\java\com\bidkita\bidkita_backend\model\VehicleItem.java,com.bidkita.bidkita_backend.model.VehicleItem,getPlatNumber/0,false,66,0,0,0,0,1,0,3,1,0,0,0,0,0,0,0,0,0,0,0,0,0,0,0,0,0,4,1,0,false
D:\Telkom University\Semester 4\PBO\Bidkita\bidkita-backend\src\main\java\com\bidkita\bidkita_backend\model\VehicleItem.java,com.bidkita.bidkita_backend.model.VehicleItem,setMileage/1[int],false,62,0,2,2,0,1,0,3,0,0,1,0,0,0,0,0,0,0,0,0,1,0,0,0,0,0,3,1,0,false
D:\Telkom University\Semester 4\PBO\Bidkita\bidkita-backend\src\main\java\com\bidkita\bidkita_backend\model\VehicleItem.java,com.bidkita.bidkita_backend.model.VehicleItem,getYear/0,false,50,0,0,0,0,1,0,3,1,0,0,0,0,0,0,0,0,0,0,0,0,0,0,0,0,0,3,1,0,false
D:\Telkom University\Semester 4\PBO\Bidkita\bidkita-backend\src\main\java\com\bidkita\bidkita_backend\model\VehicleItem.java,com.bidkita.bidkita_backend.model.VehicleItem,getMileage/0,false,58,0,0,0,0,1,0,3,1,0,0,0,0,0,0,0,0,0,0,0,0,0,0,0,0,0,3,1,0,false
D:\Telkom University\Semester 4\PBO\Bidkita\bidkita-backend\src\main\java\com\bidkita\bidkita_backend\model\VehicleItem.java,com.bidkita.bidkita_backend.model.VehicleItem,getBrand/0,false,42,0,0,0,0,1,0,3,1,0,0,0,0,0,0,0,0,0,0,0,0,0,0,0,0,0,3,1,0,false
D:\Telkom University\Semester 4\PBO\Bidkita\bidkita-backend\src\main\java\com\bidkita\bidkita_backend\model\Admin.java,com.bidkita.bidkita_backend.model.Admin,getAdminCode/0,false,32,0,0,0,0,1,0,3,1,0,0,0,0,0,0,0,0,0,0,0,0,0,0,0,0,0,4,1,0,false
D:\Telkom University\Semester 4\PBO\Bidkita\bidkita-backend\src\main\java\com\bidkita\bidkita_backend\model\Admin.java,com.bidkita.bidkita_backend.model.Admin,Admin/0,true,17,0,0,0,0,1,0,2,0,0,0,0,0,0,0,0,0,0,0,0,0,0,0,0,0,0,1,1,0,false
D:\Telkom University\Semester 4\PBO\Bidkita\bidkita-backend\src\main\java\com\bidkita\bidkita_backend\model\Admin.java,com.bidkita.bidkita_backend.model.Admin,approveAuction/1[com.bidkita.bidkita_backend.model.Auction],false,36,1,1,0,1,2,1,6,0,0,1,1,0,0,0,1,0,0,1,0,0,0,1,0,0,0,9,1,0,false
D:\Telkom University\Semester 4\PBO\Bidkita\bidkita-backend\src\main\java\com\bidkita\bidkita_backend\model\Admin.java,com.bidkita.bidkita_backend.model.Admin,getRole/0,false,28,0,0,0,0,1,0,3,1,0,0,0,0,0,0,0,0,0,1,0,0,0,0,0,0,0,2,1,0,false
D:\Telkom University\Semester 4\PBO\Bidkita\bidkita-backend\src\main\java\com\bidkita\bidkita_backend\model\Admin.java,com.bidkita.bidkita_backend.model.Admin,"Admin/5[java.lang.String,java.lang.String,java.lang.String,java.lang.String,java.lang.String]",true,19,1,5,1,4,1,4,7,0,0,5,4,0,0,0,0,0,0,0,0,1,0,0,0,0,0,13,1,0,false
D:\Telkom University\Semester 4\PBO\Bidkita\bidkita-backend\src\main\java\com\bidkita\bidkita_backend\model\BookItem.java,com.bidkita.bidkita_backend.model.BookItem,setAuthor/1[java.lang.String],false,44,0,2,2,0,1,0,3,0,0,1,0,0,0,0,0,0,0,0,0,1,0,0,0,0,0,3,1,0,false
D:\Telkom University\Semester 4\PBO\Bidkita\bidkita-backend\src\main\java\com\bidkita\bidkita_backend\model\BookItem.java,com.bidkita.bidkita_backend.model.BookItem,setPublisher/1[java.lang.String],false,52,0,2,2,0,1,0,3,0,0,1,0,0,0,0,0,0,0,0,0,1,0,0,0,0,0,3,1,0,false
D:\Telkom University\Semester 4\PBO\Bidkita\bidkita-backend\src\main\java\com\bidkita\bidkita_backend\model\BookItem.java,com.bidkita.bidkita_backend.model.BookItem,displayInfo/0,false,36,0,0,0,0,1,1,3,0,0,0,1,0,0,0,0,0,0,4,0,0,1,0,0,0,0,7,1,0,false
D:\Telkom University\Semester 4\PBO\Bidkita\bidkita-backend\src\main\java\com\bidkita\bidkita_backend\model\BookItem.java,com.bidkita.bidkita_backend.model.BookItem,getCategory/0,false,31,0,0,0,0,1,0,3,1,0,0,0,0,0,0,0,0,0,1,0,0,0,0,0,0,0,2,1,0,false
D:\Telkom University\Semester 4\PBO\Bidkita\bidkita-backend\src\main\java\com\bidkita\bidkita_backend\model\BookItem.java,com.bidkita.bidkita_backend.model.BookItem,BookItem/0,true,16,0,1,1,0,1,0,2,0,0,0,0,0,0,0,0,0,0,0,0,0,0,0,0,0,0,2,1,0,false
D:\Telkom University\Semester 4\PBO\Bidkita\bidkita-backend\src\main\java\com\bidkita\bidkita_backend\model\BookItem.java,com.bidkita.bidkita_backend.model.BookItem,getAuthor/0,false,40,0,0,0,0,1,0,3,1,0,0,0,0,0,0,0,0,0,0,0,0,0,0,0,0,0,3,1,0,false
D:\Telkom University\Semester 4\PBO\Bidkita\bidkita-backend\src\main\java\com\bidkita\bidkita_backend\model\BookItem.java,com.bidkita.bidkita_backend.model.BookItem,getPublishYear/0,false,56,0,0,0,0,1,0,3,1,0,0,0,0,0,0,0,0,0,0,0,0,0,0,0,0,0,4,1,0,false
D:\Telkom University\Semester 4\PBO\Bidkita\bidkita-backend\src\main\java\com\bidkita\bidkita_backend\model\BookItem.java,com.bidkita.bidkita_backend.model.BookItem,"BookItem/8[java.lang.String,java.lang.String,java.lang.String,java.lang.String,double,java.lang.String,java.lang.String,int]",true,19,2,8,0,8,1,8,10,0,0,8,8,3,1,0,0,0,0,0,0,0,0,0,0,0,0,22,1,0,false
D:\Telkom University\Semester 4\PBO\Bidkita\bidkita-backend\src\main\java\com\bidkita\bidkita_backend\model\BookItem.java,com.bidkita.bidkita_backend.model.BookItem,getPublisher/0,false,48,0,0,0,0,1,0,3,1,0,0,0,0,0,0,0,0,0,0,0,0,0,0,0,0,0,3,1,0,false
D:\Telkom University\Semester 4\PBO\Bidkita\bidkita-backend\src\main\java\com\bidkita\bidkita_backend\model\BookItem.java,com.bidkita.bidkita_backend.model.BookItem,setPublishYear/1[int],false,60,0,2,2,0,1,0,3,0,0,1,0,0,0,0,0,0,0,0,0,1,0,0,0,0,0,4,1,0,false
D:\Telkom University\Semester 4\PBO\Bidkita\bidkita-backend\src\main\java\com\bidkita\bidkita_backend\service\BidService.java,com.bidkita.bidkita_backend.service.BidService,getBidHistory/1[java.lang.String],false,55,5,3,1,2,1,7,4,1,2,1,7,1,1,0,0,0,0,1,0,1,0,0,0,0,2,19,1,0,false
D:\Telkom University\Semester 4\PBO\Bidkita\bidkita-backend\src\main\java\com\bidkita\bidkita_backend\service\BidService.java,com.bidkita.bidkita_backend.service.BidService,"toDTO/2[com.bidkita.bidkita_backend.model.Bid,java.lang.String]",false,64,5,12,1,11,2,16,5,1,2,2,16,0,0,0,1,0,0,0,0,2,0,0,0,0,0,14,2,0,false
D:\Telkom University\Semester 4\PBO\Bidkita\bidkita-backend\src\main\java\com\bidkita\bidkita_backend\service\BidService.java,com.bidkita.bidkita_backend.service.BidService,"placeBid/3[java.lang.String,java.lang.String,com.bidkita.bidkita_backend.dto.request.BidRequestDTO]",false,34,8,7,1,6,3,11,12,0,3,3,11,0,0,0,1,0,0,3,0,3,1,1,0,0,2,19,1,0,false
D:\Telkom University\Semester 4\PBO\Bidkita\bidkita-backend\src\main\java\com\bidkita\bidkita_backend\service\BidService.java,com.bidkita.bidkita_backend.service.BidService,"BidService/3[com.bidkita.bidkita_backend.repository.AuctionRepository,com.bidkita.bidkita_backend.repository.UserRepository,com.bidkita.bidkita_backend.service.NotificationService]",true,27,3,0,0,0,1,0,5,0,0,3,0,0,0,0,0,0,0,0,0,3,0,0,0,0,0,7,1,0,false
D:\Telkom University\Semester 4\PBO\Bidkita\bidkita-backend\src\main\java\com\bidkita\bidkita_backend\config\DataSeeder.java,com.bidkita.bidkita_backend.config.DataSeeder,run/1[java.lang.String[]],false,29,10,30,0,30,2,26,95,1,16,1,26,0,0,0,0,0,0,60,26,16,0,1,0,0,0,67,1,0,false
D:\Telkom University\Semester 4\PBO\Bidkita\bidkita-backend\src\main\java\com\bidkita\bidkita_backend\config\DataSeeder.java,com.bidkita.bidkita_backend.config.DataSeeder,"DataSeeder/4[com.bidkita.bidkita_backend.repository.UserRepository,com.bidkita.bidkita_backend.repository.AuctionRepository,com.bidkita.bidkita_backend.repository.ItemRepository,com.bidkita.bidkita_backend.config.PasswordEncoder]",true,21,4,0,0,0,1,0,6,0,0,4,0,0,0,0,0,0,0,0,0,4,0,0,0,0,0,9,1,0,false
D:\Telkom University\Semester 4\PBO\Bidkita\bidkita-backend\src\main\java\com\bidkita\bidkita_backend\model\Item.java,com.bidkita.bidkita_backend.model.Item,setStartingPrice/1[double],false,82,0,5,5,0,2,0,6,0,0,1,0,0,0,0,0,0,0,1,1,1,0,1,0,0,0,11,1,0,false
D:\Telkom University\Semester 4\PBO\Bidkita\bidkita-backend\src\main\java\com\bidkita\bidkita_backend\model\Item.java,com.bidkita.bidkita_backend.model.Item,setCondition/1[java.lang.String],false,66,0,5,5,0,1,0,3,0,0,1,0,0,0,0,0,0,0,0,0,1,0,0,0,0,0,3,1,0,false
D:\Telkom University\Semester 4\PBO\Bidkita\bidkita-backend\src\main\java\com\bidkita\bidkita_backend\model\Item.java,com.bidkita.bidkita_backend.model.Item,getImageBase64/0,false,70,0,1,1,0,1,0,3,1,0,0,0,0,0,0,0,0,0,0,0,0,0,0,0,0,0,4,1,0,false
D:\Telkom University\Semester 4\PBO\Bidkita\bidkita-backend\src\main\java\com\bidkita\bidkita_backend\model\Item.java,com.bidkita.bidkita_backend.model.Item,getItemId/0,false,42,0,0,0,0,1,0,3,1,0,0,0,0,0,0,0,0,0,0,0,0,0,0,0,0,0,4,1,0,false
D:\Telkom University\Semester 4\PBO\Bidkita\bidkita-backend\src\main\java\com\bidkita\bidkita_backend\model\Item.java,com.bidkita.bidkita_backend.model.Item,getCategory/0,false,40,0,1,1,0,1,0,1,0,0,0,0,0,0,0,0,0,0,0,0,0,0,0,0,0,0,2,1025,0,false
D:\Telkom University\Semester 4\PBO\Bidkita\bidkita-backend\src\main\java\com\bidkita\bidkita_backend\model\Item.java,com.bidkita.bidkita_backend.model.Item,Item/0,true,36,0,0,0,0,1,0,2,0,0,0,0,0,0,0,0,0,0,0,0,0,0,0,0,0,0,1,1,0,false
D:\Telkom University\Semester 4\PBO\Bidkita\bidkita-backend\src\main\java\com\bidkita\bidkita_backend\model\Item.java,com.bidkita.bidkita_backend.model.Item,setImageBase64/1[java.lang.String],false,74,0,4,4,0,1,0,3,0,0,1,0,0,0,0,0,0,0,0,0,1,0,0,0,0,0,4,1,0,false
D:\Telkom University\Semester 4\PBO\Bidkita\bidkita-backend\src\main\java\com\bidkita\bidkita_backend\model\Item.java,com.bidkita.bidkita_backend.model.Item,getTitle/0,false,46,0,6,6,0,1,0,3,1,0,0,0,0,0,0,0,0,0,0,0,0,0,0,0,0,0,3,1,0,false
D:\Telkom University\Semester 4\PBO\Bidkita\bidkita-backend\src\main\java\com\bidkita\bidkita_backend\model\Item.java,com.bidkita.bidkita_backend.model.Item,getDescription/0,false,54,0,0,0,0,1,0,3,1,0,0,0,0,0,0,0,0,0,0,0,0,0,0,0,0,0,3,1,0,false
D:\Telkom University\Semester 4\PBO\Bidkita\bidkita-backend\src\main\java\com\bidkita\bidkita_backend\model\Item.java,com.bidkita.bidkita_backend.model.Item,setDescription/1[java.lang.String],false,58,0,5,5,0,1,0,3,0,0,1,0,0,0,0,0,0,0,0,0,1,0,0,0,0,0,3,1,0,false
D:\Telkom University\Semester 4\PBO\Bidkita\bidkita-backend\src\main\java\com\bidkita\bidkita_backend\model\Item.java,com.bidkita.bidkita_backend.model.Item,displayInfo/0,false,38,0,0,0,0,1,0,1,0,0,0,0,0,0,0,0,0,0,0,0,0,0,0,0,0,0,2,1025,0,false
D:\Telkom University\Semester 4\PBO\Bidkita\bidkita-backend\src\main\java\com\bidkita\bidkita_backend\model\Item.java,com.bidkita.bidkita_backend.model.Item,setTitle/1[java.lang.String],false,50,0,5,5,0,1,0,3,0,0,1,0,0,0,0,0,0,0,0,0,1,0,0,0,0,0,3,1,0,false
D:\Telkom University\Semester 4\PBO\Bidkita\bidkita-backend\src\main\java\com\bidkita\bidkita_backend\model\Item.java,com.bidkita.bidkita_backend.model.Item,getCondition/0,false,62,0,0,0,0,1,0,3,1,0,0,0,0,0,0,0,0,0,0,0,0,0,0,0,0,0,3,1,0,false
D:\Telkom University\Semester 4\PBO\Bidkita\bidkita-backend\src\main\java\com\bidkita\bidkita_backend\model\Item.java,com.bidkita.bidkita_backend.model.Item,getStartingPrice/0,false,78,0,0,0,0,1,0,3,1,0,0,0,0,0,0,0,0,0,0,0,0,0,0,0,0,0,4,1,0,false
D:\Telkom University\Semester 4\PBO\Bidkita\bidkita-backend\src\main\java\com\bidkita\bidkita_backend\model\Notification.java,com.bidkita.bidkita_backend.model.Notification,getNotifId/0,false,56,0,1,1,0,1,0,3,1,0,0,0,0,0,0,0,0,0,0,0,0,0,0,0,0,0,4,1,0,false
D:\Telkom University\Semester 4\PBO\Bidkita\bidkita-backend\src\main\java\com\bidkita\bidkita_backend\model\Notification.java,com.bidkita.bidkita_backend.model.Notification,Notification/0,true,46,0,0,0,0,1,0,2,0,0,0,0,0,0,0,0,0,0,0,0,0,0,0,0,0,0,1,1,0,false
D:\Telkom University\Semester 4\PBO\Bidkita\bidkita-backend\src\main\java\com\bidkita\bidkita_backend\model\Notification.java,com.bidkita.bidkita_backend.model.Notification,setRead/1[boolean],false,76,0,1,1,0,1,0,3,0,0,1,0,0,0,0,0,0,0,0,0,1,0,0,0,0,0,4,1,0,false
D:\Telkom University\Semester 4\PBO\Bidkita\bidkita-backend\src\main\java\com\bidkita\bidkita_backend\model\Notification.java,com.bidkita.bidkita_backend.model.Notification,getRecipient/0,false,60,1,0,0,0,1,0,3,1,0,0,0,0,0,0,0,0,0,0,0,0,0,0,0,0,0,4,1,0,false
D:\Telkom University\Semester 4\PBO\Bidkita\bidkita-backend\src\main\java\com\bidkita\bidkita_backend\model\Notification.java,com.bidkita.bidkita_backend.model.Notification,getMessage/0,false,64,0,1,1,0,1,0,3,1,0,0,0,0,0,0,0,0,0,0,0,0,0,0,0,0,0,3,1,0,false
D:\Telkom University\Semester 4\PBO\Bidkita\bidkita-backend\src\main\java\com\bidkita\bidkita_backend\model\Notification.java,com.bidkita.bidkita_backend.model.Notification,"Notification/3[com.bidkita.bidkita_backend.model.User,java.lang.String,com.bidkita.bidkita_backend.model.enums.NotificationType]",true,48,2,1,1,0,1,0,7,0,0,3,0,0,0,0,0,0,0,0,0,5,0,0,0,0,0,7,1,0,false
D:\Telkom University\Semester 4\PBO\Bidkita\bidkita-backend\src\main\java\com\bidkita\bidkita_backend\model\Notification.java,com.bidkita.bidkita_backend.model.Notification,getType/0,false,68,1,1,1,0,1,0,3,1,0,0,0,0,0,0,0,0,0,0,0,0,0,0,0,0,0,4,1,0,false
D:\Telkom University\Semester 4\PBO\Bidkita\bidkita-backend\src\main\java\com\bidkita\bidkita_backend\model\Notification.java,com.bidkita.bidkita_backend.model.Notification,getCreatedAt/0,false,80,0,1,1,0,1,0,3,1,0,0,0,0,0,0,0,0,0,0,0,0,0,0,0,0,0,5,1,0,false
D:\Telkom University\Semester 4\PBO\Bidkita\bidkita-backend\src\main\java\com\bidkita\bidkita_backend\model\Notification.java,com.bidkita.bidkita_backend.model.Notification,isRead/0,false,72,0,1,1,0,1,0,3,1,0,0,0,0,0,0,0,0,0,0,0,0,0,0,0,0,0,2,1,0,false
D:\Telkom University\Semester 4\PBO\Bidkita\bidkita-backend\src\main\java\com\bidkita\bidkita_backend\service\NotificationService.java,com.bidkita.bidkita_backend.service.NotificationService,getAll/1[java.lang.String],false,28,3,3,1,2,1,7,6,1,2,1,7,0,0,0,0,0,0,0,0,1,0,0,0,0,1,7,1,0,false
D:\Telkom University\Semester 4\PBO\Bidkita\bidkita-backend\src\main\java\com\bidkita\bidkita_backend\service\NotificationService.java,com.bidkita.bidkita_backend.service.NotificationService,toDTO/1[com.bidkita.bidkita_backend.model.Notification],false,36,2,6,0,6,1,10,3,1,0,1,10,0,0,0,0,0,0,0,0,0,0,0,0,0,0,7,2,0,false
D:\Telkom University\Semester 4\PBO\Bidkita\bidkita-backend\src\main\java\com\bidkita\bidkita_backend\service\NotificationService.java,com.bidkita.bidkita_backend.service.NotificationService,NotificationService/1[com.bidkita.bidkita_backend.repository.NotificationRepository],true,18,1,0,0,0,1,0,3,0,0,1,0,0,0,0,0,0,0,0,0,1,0,0,0,0,0,4,1,0,false
D:\Telkom University\Semester 4\PBO\Bidkita\bidkita-backend\src\main\java\com\bidkita\bidkita_backend\service\NotificationService.java,com.bidkita.bidkita_backend.service.NotificationService,"send/3[com.bidkita.bidkita_backend.model.User,java.lang.String,com.bidkita.bidkita_backend.model.enums.NotificationType]",false,22,3,5,4,1,2,1,5,1,1,3,1,0,0,0,1,0,0,0,0,1,0,1,0,0,0,7,1,0,false
D:\Telkom University\Semester 4\PBO\Bidkita\bidkita-backend\src\main\java\com\bidkita\bidkita_backend\service\WalletService.java,com.bidkita.bidkita_backend.service.WalletService,toDTO/1[com.bidkita.bidkita_backend.model.Buyer],false,46,5,12,2,10,1,16,4,1,2,1,16,0,0,0,0,0,0,0,0,1,0,0,0,0,1,11,2,0,false
D:\Telkom University\Semester 4\PBO\Bidkita\bidkita-backend\src\main\java\com\bidkita\bidkita_backend\service\WalletService.java,com.bidkita.bidkita_backend.service.WalletService,WalletService/1[com.bidkita.bidkita_backend.repository.UserRepository],true,20,1,0,0,0,1,0,3,0,0,1,0,0,0,0,0,0,0,0,0,1,0,0,0,0,0,5,1,0,false
D:\Telkom University\Semester 4\PBO\Bidkita\bidkita-backend\src\main\java\com\bidkita\bidkita_backend\service\WalletService.java,com.bidkita.bidkita_backend.service.WalletService,loadBuyer/1[java.lang.String],false,41,2,2,2,0,1,2,3,1,0,1,2,0,0,0,0,0,0,1,0,0,0,0,0,0,1,9,2,0,false
D:\Telkom University\Semester 4\PBO\Bidkita\bidkita-backend\src\main\java\com\bidkita\bidkita_backend\service\WalletService.java,com.bidkita.bidkita_backend.service.WalletService,"topUp/2[java.lang.String,com.bidkita.bidkita_backend.dto.request.TopUpRequestDTO]",false,31,6,5,1,4,3,6,9,1,1,2,6,2,1,0,1,0,0,1,1,1,0,1,0,0,0,21,1,0,false
D:\Telkom University\Semester 4\PBO\Bidkita\bidkita-backend\src\main\java\com\bidkita\bidkita_backend\service\WalletService.java,com.bidkita.bidkita_backend.service.WalletService,getWallet/1[java.lang.String],false,25,4,3,1,2,1,2,4,1,1,1,2,2,1,0,0,0,0,0,0,1,0,0,0,0,0,14,1,0,false
D:\Telkom University\Semester 4\PBO\Bidkita\bidkita-backend\src\main\java\com\bidkita\bidkita_backend\exception\ResourceNotFoundException.java,com.bidkita.bidkita_backend.exception.ResourceNotFoundException,ResourceNotFoundException/1[java.lang.String],true,4,0,0,0,0,1,0,3,0,0,1,0,0,0,0,0,0,0,0,0,0,0,0,0,0,0,5,1,0,false
D:\Telkom University\Semester 4\PBO\Bidkita\bidkita-backend\src\main\java\com\bidkita\bidkita_backend\service\AuthService.java,com.bidkita.bidkita_backend.service.AuthService,getMe/1[java.lang.String],false,71,4,2,1,1,1,3,4,1,1,1,3,1,1,0,0,0,0,1,0,1,0,0,0,0,1,15,1,0,false
D:\Telkom University\Semester 4\PBO\Bidkita\bidkita-backend\src\main\java\com\bidkita\bidkita_backend\service\AuthService.java,com.bidkita.bidkita_backend.service.AuthService,toUserDTO/1[com.bidkita.bidkita_backend.model.User],false,84,2,8,1,7,1,16,10,1,1,1,16,0,0,0,0,0,0,0,0,1,0,0,0,0,0,8,2,0,false
D:\Telkom University\Semester 4\PBO\Bidkita\bidkita-backend\src\main\java\com\bidkita\bidkita_backend\service\AuthService.java,com.bidkita.bidkita_backend.service.AuthService,login/1[com.bidkita.bidkita_backend.dto.request.LoginRequestDTO],false,59,6,9,1,8,2,10,8,1,2,1,10,0,0,0,0,0,0,0,0,2,0,1,0,0,0,14,1,0,false
D:\Telkom University\Semester 4\PBO\Bidkita\bidkita-backend\src\main\java\com\bidkita\bidkita_backend\service\AuthService.java,com.bidkita.bidkita_backend.service.AuthService,"AuthService/3[com.bidkita.bidkita_backend.repository.UserRepository,com.bidkita.bidkita_backend.service.PasswordEncoder,com.bidkita.bidkita_backend.security.JwtUtil]",true,29,3,0,0,0,1,0,5,0,0,3,0,0,0,0,0,0,0,0,0,3,0,0,0,0,0,9,1,0,false
D:\Telkom University\Semester 4\PBO\Bidkita\bidkita-backend\src\main\java\com\bidkita\bidkita_backend\service\AuthService.java,com.bidkita.bidkita_backend.service.AuthService,register/1[com.bidkita.bidkita_backend.dto.request.RegisterRequestDTO],false,35,6,6,1,5,7,11,20,0,2,1,11,0,0,0,1,0,0,6,0,3,0,1,0,0,0,27,1,0,false
D:\Telkom University\Semester 4\PBO\Bidkita\bidkita-backend\src\main\java\com\bidkita\bidkita_backend\service\AuthService.java,com.bidkita.bidkita_backend.service.AuthService,getAllUsers/0,false,78,2,1,1,0,1,4,3,1,0,0,4,0,0,0,0,0,0,0,0,0,0,0,0,0,0,6,1,0,false
D:\Telkom University\Semester 4\PBO\Bidkita\bidkita-backend\src\main\java\com\bidkita\bidkita_backend\controller\WalletController.java,com.bidkita.bidkita_backend.controller.WalletController,WalletController/1[com.bidkita.bidkita_backend.service.WalletService],true,17,1,0,0,0,1,0,3,0,0,1,0,0,0,0,0,0,0,0,0,1,0,0,0,0,0,4,1,0,false
D:\Telkom University\Semester 4\PBO\Bidkita\bidkita-backend\src\main\java\com\bidkita\bidkita_backend\controller\WalletController.java,com.bidkita.bidkita_backend.controller.WalletController,getWallet/0,false,23,5,1,0,1,1,5,4,1,1,0,5,0,0,0,0,0,0,1,0,1,0,0,0,0,0,4,1,0,false
D:\Telkom University\Semester 4\PBO\Bidkita\bidkita-backend\src\main\java\com\bidkita\bidkita_backend\controller\WalletController.java,com.bidkita.bidkita_backend.controller.WalletController,topUp/1[com.bidkita.bidkita_backend.dto.request.TopUpRequestDTO],false,30,7,1,0,1,1,5,4,1,1,1,5,0,0,0,0,0,0,2,0,1,0,0,0,0,0,10,1,0,false
D:\Telkom University\Semester 4\PBO\Bidkita\bidkita-backend\src\main\java\com\bidkita\bidkita_backend\controller\NotificationController.java,com.bidkita.bidkita_backend.controller.NotificationController,NotificationController/1[com.bidkita.bidkita_backend.service.NotificationService],true,19,1,0,0,0,1,0,3,0,0,1,0,0,0,0,0,0,0,0,0,1,0,0,0,0,0,4,1,0,false
D:\Telkom University\Semester 4\PBO\Bidkita\bidkita-backend\src\main\java\com\bidkita\bidkita_backend\controller\NotificationController.java,com.bidkita.bidkita_backend.controller.NotificationController,getAll/0,false,24,4,1,0,1,1,5,4,1,1,0,5,0,0,0,0,0,0,0,0,1,0,0,0,0,0,4,1,0,false
D:\Telkom University\Semester 4\PBO\Bidkita\bidkita-backend\src\main\java\com\bidkita\bidkita_backend\model\Seller.java,com.bidkita.bidkita_backend.model.Seller,"createAuction/3[com.bidkita.bidkita_backend.model.Item,double,int]",false,52,2,1,0,1,1,1,5,1,1,3,1,0,0,0,0,0,0,0,0,1,0,0,0,0,0,6,1,0,false
D:\Telkom University\Semester 4\PBO\Bidkita\bidkita-backend\src\main\java\com\bidkita\bidkita_backend\model\Seller.java,com.bidkita.bidkita_backend.model.Seller,setRating/1[double],false,72,0,0,0,0,3,0,6,0,0,1,0,0,0,0,0,0,0,1,2,1,0,1,0,0,0,11,1,0,false
D:\Telkom University\Semester 4\PBO\Bidkita\bidkita-backend\src\main\java\com\bidkita\bidkita_backend\model\Seller.java,com.bidkita.bidkita_backend.model.Seller,getMyAuctions/0,false,48,1,0,0,0,1,0,3,1,0,0,0,0,0,0,0,0,0,0,0,0,0,0,0,0,0,4,1,0,false
D:\Telkom University\Semester 4\PBO\Bidkita\bidkita-backend\src\main\java\com\bidkita\bidkita_backend\model\Seller.java,com.bidkita.bidkita_backend.model.Seller,getTotalSold/0,false,79,0,0,0,0,1,0,3,1,0,0,0,0,0,0,0,0,0,0,0,0,0,0,0,0,0,4,1,0,false
D:\Telkom University\Semester 4\PBO\Bidkita\bidkita-backend\src\main\java\com\bidkita\bidkita_backend\model\Seller.java,com.bidkita.bidkita_backend.model.Seller,Seller/0,true,31,0,0,0,0,1,0,2,0,0,0,0,0,0,0,0,0,0,0,0,0,0,0,0,0,0,1,1,0,false
D:\Telkom University\Semester 4\PBO\Bidkita\bidkita-backend\src\main\java\com\bidkita\bidkita_backend\model\Seller.java,com.bidkita.bidkita_backend.model.Seller,"Seller/4[java.lang.String,java.lang.String,java.lang.String,java.lang.String]",true,33,2,6,2,4,1,4,9,0,0,4,4,0,0,0,0,0,0,0,2,3,0,0,0,0,0,11,1,0,false
D:\Telkom University\Semester 4\PBO\Bidkita\bidkita-backend\src\main\java\com\bidkita\bidkita_backend\model\Seller.java,com.bidkita.bidkita_backend.model.Seller,getRating/0,false,68,0,0,0,0,1,0,3,1,0,0,0,0,0,0,0,0,0,0,0,0,0,0,0,0,0,3,1,0,false
D:\Telkom University\Semester 4\PBO\Bidkita\bidkita-backend\src\main\java\com\bidkita\bidkita_backend\model\Seller.java,com.bidkita.bidkita_backend.model.Seller,cancelAuction/1[java.lang.String],false,58,1,2,0,2,3,3,9,2,0,1,3,0,0,1,0,0,0,0,0,0,0,2,0,0,0,7,1,0,false
D:\Telkom University\Semester 4\PBO\Bidkita\bidkita-backend\src\main\java\com\bidkita\bidkita_backend\model\Seller.java,com.bidkita.bidkita_backend.model.Seller,getRole/0,false,44,0,0,0,0,1,0,3,1,0,0,0,0,0,0,0,0,0,1,0,0,0,0,0,0,0,2,1,0,false
D:\Telkom University\Semester 4\PBO\Bidkita\bidkita-backend\src\main\java\com\bidkita\bidkita_backend\model\Seller.java,com.bidkita.bidkita_backend.model.Seller,incrementTotalSold/0,false,83,0,0,0,0,1,0,3,0,0,0,0,0,0,0,0,0,0,0,0,0,0,0,0,0,0,3,1,0,false
D:\Telkom University\Semester 4\PBO\Bidkita\bidkita-backend\src\main\java\com\bidkita\bidkita_backend\exception\EmailAlreadyExistsException.java,com.bidkita.bidkita_backend.exception.EmailAlreadyExistsException,EmailAlreadyExistsException/1[java.lang.String],true,8,0,0,0,0,1,0,3,0,0,1,0,0,0,0,0,0,0,0,0,0,0,0,0,0,0,5,1,0,false
D:\Telkom University\Semester 4\PBO\Bidkita\bidkita-backend\src\main\java\com\bidkita\bidkita_backend\exception\EmailAlreadyExistsException.java,com.bidkita.bidkita_backend.exception.EmailAlreadyExistsException,EmailAlreadyExistsException/0,true,4,0,1,1,0,1,0,3,0,0,0,0,0,0,0,0,0,0,1,0,0,0,0,0,0,0,5,1,0,false
D:\Telkom University\Semester 4\PBO\Bidkita\bidkita-backend\src\main\java\com\bidkita\bidkita_backend\repository\BidRepository.java,com.bidkita.bidkita_backend.repository.BidRepository,findByBidderUserId/1[java.lang.String],false,8,1,0,0,0,1,0,1,0,0,1,0,0,0,0,0,0,0,0,0,0,0,0,0,0,0,6,0,0,false
D:\Telkom University\Semester 4\PBO\Bidkita\bidkita-backend\src\main\java\com\bidkita\bidkita_backend\model\Wallet.java,com.bidkita.bidkita_backend.model.Wallet,getBalance/0,false,52,0,1,1,0,1,0,3,1,0,0,0,0,0,0,0,0,0,0,0,0,0,0,0,0,0,3,1,0,false
D:\Telkom University\Semester 4\PBO\Bidkita\bidkita-backend\src\main\java\com\bidkita\bidkita_backend\model\Wallet.java,com.bidkita.bidkita_backend.model.Wallet,getOwner/0,false,44,1,1,1,0,1,0,3,1,0,0,0,0,0,0,0,0,0,0,0,0,0,0,0,0,0,4,1,0,false
D:\Telkom University\Semester 4\PBO\Bidkita\bidkita-backend\src\main\java\com\bidkita\bidkita_backend\model\Wallet.java,com.bidkita.bidkita_backend.model.Wallet,depositRefund/1[double],false,72,1,3,2,1,2,1,7,1,0,1,1,0,0,0,0,0,0,0,1,1,0,1,0,0,0,5,1,0,false
D:\Telkom University\Semester 4\PBO\Bidkita\bidkita-backend\src\main\java\com\bidkita\bidkita_backend\model\Wallet.java,com.bidkita.bidkita_backend.model.Wallet,Wallet/0,true,38,0,1,1,0,1,0,2,0,0,0,0,0,0,0,0,0,0,0,0,0,0,0,0,0,0,1,1,0,false
D:\Telkom University\Semester 4\PBO\Bidkita\bidkita-backend\src\main\java\com\bidkita\bidkita_backend\model\Wallet.java,com.bidkita.bidkita_backend.model.Wallet,withdraw/1[double],false,80,1,3,2,1,3,1,11,2,0,1,1,0,0,0,0,0,0,1,1,1,0,1,0,0,0,13,1,0,false
D:\Telkom University\Semester 4\PBO\Bidkita\bidkita-backend\src\main\java\com\bidkita\bidkita_backend\model\Wallet.java,com.bidkita.bidkita_backend.model.Wallet,getTransactions/0,false,56,1,1,1,0,1,0,3,1,0,0,0,0,0,0,0,0,0,0,0,0,0,0,0,0,0,3,1,0,false
D:\Telkom University\Semester 4\PBO\Bidkita\bidkita-backend\src\main\java\com\bidkita\bidkita_backend\model\Wallet.java,com.bidkita.bidkita_backend.model.Wallet,deposit/1[double],false,64,1,3,2,1,2,1,7,0,0,1,1,0,0,0,0,0,0,1,1,1,0,1,0,0,0,10,1,0,false
D:\Telkom University\Semester 4\PBO\Bidkita\bidkita-backend\src\main\java\com\bidkita\bidkita_backend\model\Wallet.java,com.bidkita.bidkita_backend.model.Wallet,setOwner/1[com.bidkita.bidkita_backend.model.Buyer],false,48,1,2,2,0,1,0,3,0,0,1,0,0,0,0,0,0,0,0,0,1,0,0,0,0,0,4,1,0,false
D:\Telkom University\Semester 4\PBO\Bidkita\bidkita-backend\src\main\java\com\bidkita\bidkita_backend\model\Wallet.java,com.bidkita.bidkita_backend.model.Wallet,getTransactionHistory/0,false,60,1,0,0,0,1,0,3,1,0,0,0,0,0,0,0,0,0,0,0,0,0,0,0,0,0,4,1,0,false
D:\Telkom University\Semester 4\PBO\Bidkita\bidkita-backend\src\main\java\com\bidkita\bidkita_backend\model\Wallet.java,com.bidkita.bidkita_backend.model.Wallet,getWalletId/0,false,40,0,1,1,0,1,0,3,1,0,0,0,0,0,0,0,0,0,0,0,0,0,0,0,0,0,4,1,0,false
D:\Telkom University\Semester 4\PBO\Bidkita\bidkita-backend\src\main\java\com\bidkita\bidkita_backend\service\ItemFactory.java,com.bidkita.bidkita_backend.service.ItemFactory,create/1[com.bidkita.bidkita_backend.dto.request.CreateAuctionRequestDTO],false,10,2,1,1,0,2,2,4,1,1,1,2,0,0,0,1,0,0,1,0,1,0,0,0,0,0,11,1,0,false
D:\Telkom University\Semester 4\PBO\Bidkita\bidkita-backend\src\main\java\com\bidkita\bidkita_backend\model\Biddable.java,com.bidkita.bidkita_backend.model.Biddable,"placeBid/2[com.bidkita.bidkita_backend.model.Buyer,double]",false,6,1,0,0,0,1,0,1,0,0,2,0,0,0,0,0,0,0,0,0,0,0,0,0,0,0,4,0,0,false
D:\Telkom University\Semester 4\PBO\Bidkita\bidkita-backend\src\main\java\com\bidkita\bidkita_backend\model\Biddable.java,com.bidkita.bidkita_backend.model.Biddable,getHighestBidder/0,false,8,1,0,0,0,1,0,1,0,0,0,0,0,0,0,0,0,0,0,0,0,0,0,0,0,0,4,0,0,false
D:\Telkom University\Semester 4\PBO\Bidkita\bidkita-backend\src\main\java\com\bidkita\bidkita_backend\model\Biddable.java,com.bidkita.bidkita_backend.model.Biddable,getBidHistory/0,false,9,1,0,0,0,1,0,1,0,0,0,0,0,0,0,0,0,0,0,0,0,0,0,0,0,0,3,0,0,false
D:\Telkom University\Semester 4\PBO\Bidkita\bidkita-backend\src\main\java\com\bidkita\bidkita_backend\model\Biddable.java,com.bidkita.bidkita_backend.model.Biddable,getCurrentPrice/0,false,7,0,0,0,0,1,0,1,0,0,0,0,0,0,0,0,0,0,0,0,0,0,0,0,0,0,3,0,0,false
D:\Telkom University\Semester 4\PBO\Bidkita\bidkita-backend\src\main\java\com\bidkita\bidkita_backend\model\FashionItem.java,com.bidkita.bidkita_backend.model.FashionItem,"FashionItem/8[java.lang.String,java.lang.String,java.lang.String,java.lang.String,double,java.lang.String,java.lang.String,java.lang.String]",true,19,2,8,0,8,1,8,10,0,0,8,8,3,1,0,0,0,0,0,0,0,0,0,0,0,0,21,1,0,false
D:\Telkom University\Semester 4\PBO\Bidkita\bidkita-backend\src\main\java\com\bidkita\bidkita_backend\model\FashionItem.java,com.bidkita.bidkita_backend.model.FashionItem,getBrand/0,false,40,0,0,0,0,1,0,3,1,0,0,0,0,0,0,0,0,0,0,0,0,0,0,0,0,0,3,1,0,false
D:\Telkom University\Semester 4\PBO\Bidkita\bidkita-backend\src\main\java\com\bidkita\bidkita_backend\model\FashionItem.java,com.bidkita.bidkita_backend.model.FashionItem,FashionItem/0,true,16,0,1,1,0,1,0,2,0,0,0,0,0,0,0,0,0,0,0,0,0,0,0,0,0,0,2,1,0,false
D:\Telkom University\Semester 4\PBO\Bidkita\bidkita-backend\src\main\java\com\bidkita\bidkita_backend\model\FashionItem.java,com.bidkita.bidkita_backend.model.FashionItem,displayInfo/0,false,36,0,0,0,0,1,1,3,0,0,0,1,0,0,0,0,0,0,4,0,0,1,0,0,0,0,6,1,0,false
D:\Telkom University\Semester 4\PBO\Bidkita\bidkita-backend\src\main\java\com\bidkita\bidkita_backend\model\FashionItem.java,com.bidkita.bidkita_backend.model.FashionItem,setSize/1[java.lang.String],false,52,0,2,2,0,1,0,3,0,0,1,0,0,0,0,0,0,0,0,0,1,0,0,0,0,0,3,1,0,false
D:\Telkom University\Semester 4\PBO\Bidkita\bidkita-backend\src\main\java\com\bidkita\bidkita_backend\model\FashionItem.java,com.bidkita.bidkita_backend.model.FashionItem,getMaterial/0,false,56,0,0,0,0,1,0,3,1,0,0,0,0,0,0,0,0,0,0,0,0,0,0,0,0,0,3,1,0,false
D:\Telkom University\Semester 4\PBO\Bidkita\bidkita-backend\src\main\java\com\bidkita\bidkita_backend\model\FashionItem.java,com.bidkita.bidkita_backend.model.FashionItem,getCategory/0,false,31,0,0,0,0,1,0,3,1,0,0,0,0,0,0,0,0,0,1,0,0,0,0,0,0,0,2,1,0,false
D:\Telkom University\Semester 4\PBO\Bidkita\bidkita-backend\src\main\java\com\bidkita\bidkita_backend\model\FashionItem.java,com.bidkita.bidkita_backend.model.FashionItem,getSize/0,false,48,0,0,0,0,1,0,3,1,0,0,0,0,0,0,0,0,0,0,0,0,0,0,0,0,0,3,1,0,false
D:\Telkom University\Semester 4\PBO\Bidkita\bidkita-backend\src\main\java\com\bidkita\bidkita_backend\model\FashionItem.java,com.bidkita.bidkita_backend.model.FashionItem,setBrand/1[java.lang.String],false,44,0,2,2,0,1,0,3,0,0,1,0,0,0,0,0,0,0,0,0,1,0,0,0,0,0,3,1,0,false
D:\Telkom University\Semester 4\PBO\Bidkita\bidkita-backend\src\main\java\com\bidkita\bidkita_backend\model\FashionItem.java,com.bidkita.bidkita_backend.model.FashionItem,setMaterial/1[java.lang.String],false,60,0,2,2,0,1,0,3,0,0,1,0,0,0,0,0,0,0,0,0,1,0,0,0,0,0,3,1,0,false
D:\Telkom University\Semester 4\PBO\Bidkita\bidkita-backend\src\main\java\com\bidkita\bidkita_backend\controller\AuctionController.java,com.bidkita.bidkita_backend.controller.AuctionController,"browse/4[java.lang.String,java.lang.String,java.lang.Double,java.lang.Double]",false,34,5,1,0,1,1,2,3,1,0,4,2,0,0,0,0,0,0,0,0,0,0,0,0,0,0,6,1,0,false
D:\Telkom University\Semester 4\PBO\Bidkita\bidkita-backend\src\main\java\com\bidkita\bidkita_backend\controller\AuctionController.java,com.bidkita.bidkita_backend.controller.AuctionController,getDetail/1[java.lang.String],false,39,5,1,0,1,1,2,3,1,0,1,2,0,0,0,0,0,0,1,0,0,0,0,0,0,0,3,1,0,false
D:\Telkom University\Semester 4\PBO\Bidkita\bidkita-backend\src\main\java\com\bidkita\bidkita_backend\controller\AuctionController.java,com.bidkita.bidkita_backend.controller.AuctionController,buyNow/1[java.lang.String],false,61,6,1,0,1,1,5,4,1,1,1,5,0,0,0,0,0,0,2,0,1,0,0,0,0,0,5,1,0,false
D:\Telkom University\Semester 4\PBO\Bidkita\bidkita-backend\src\main\java\com\bidkita\bidkita_backend\controller\AuctionController.java,com.bidkita.bidkita_backend.controller.AuctionController,approveAuction/1[java.lang.String],false,68,6,1,0,1,1,2,3,1,0,1,2,0,0,0,0,0,0,2,0,0,0,0,0,0,0,3,1,0,false
D:\Telkom University\Semester 4\PBO\Bidkita\bidkita-backend\src\main\java\com\bidkita\bidkita_backend\controller\AuctionController.java,com.bidkita.bidkita_backend.controller.AuctionController,"placeBid/2[java.lang.String,com.bidkita.bidkita_backend.dto.request.BidRequestDTO]",false,53,7,1,0,1,1,6,5,1,1,2,6,0,0,0,0,0,0,4,0,1,0,0,0,0,0,11,1,0,false
D:\Telkom University\Semester 4\PBO\Bidkita\bidkita-backend\src\main\java\com\bidkita\bidkita_backend\controller\AuctionController.java,com.bidkita.bidkita_backend.controller.AuctionController,createAuction/1[com.bidkita.bidkita_backend.dto.request.CreateAuctionRequestDTO],false,45,7,1,0,1,1,6,4,1,1,1,6,0,0,0,0,0,0,1,0,1,0,0,0,0,0,10,1,0,false
D:\Telkom University\Semester 4\PBO\Bidkita\bidkita-backend\src\main\java\com\bidkita\bidkita_backend\controller\AuctionController.java,com.bidkita.bidkita_backend.controller.AuctionController,"AuctionController/2[com.bidkita.bidkita_backend.service.AuctionService,com.bidkita.bidkita_backend.service.BidService]",true,24,2,0,0,0,1,0,4,0,0,2,0,0,0,0,0,0,0,0,0,2,0,0,0,0,0,5,1,0,false
D:\Telkom University\Semester 4\PBO\Bidkita\bidkita-backend\src\main\java\com\bidkita\bidkita_backend\controller\AuctionController.java,com.bidkita.bidkita_backend.controller.AuctionController,deleteAuction/1[java.lang.String],false,74,5,1,0,1,1,3,4,1,0,1,3,0,0,0,0,0,0,2,0,0,0,0,0,0,0,3,1,0,false
D:\Telkom University\Semester 4\PBO\Bidkita\bidkita-backend\src\main\java\com\bidkita\bidkita_backend\model\User.java,com.bidkita.bidkita_backend.model.User,getRole/0,false,42,0,2,2,0,1,0,1,0,0,0,0,0,0,0,0,0,0,0,0,0,0,0,0,0,0,2,1025,0,false
D:\Telkom University\Semester 4\PBO\Bidkita\bidkita-backend\src\main\java\com\bidkita\bidkita_backend\model\User.java,com.bidkita.bidkita_backend.model.User,setPhoneNumber/1[java.lang.String],false,82,0,3,3,0,5,3,10,0,1,1,3,0,0,0,1,0,0,4,0,2,0,1,0,0,0,14,1,0,false
D:\Telkom University\Semester 4\PBO\Bidkita\bidkita-backend\src\main\java\com\bidkita\bidkita_backend\model\User.java,com.bidkita.bidkita_backend.model.User,getEmail/0,false,59,0,1,1,0,1,0,3,1,0,0,0,0,0,0,0,0,0,0,0,0,0,0,0,0,0,3,1,0,false
D:\Telkom University\Semester 4\PBO\Bidkita\bidkita-backend\src\main\java\com\bidkita\bidkita_backend\model\User.java,com.bidkita.bidkita_backend.model.User,getPassword/0,false,70,0,1,1,0,1,0,3,1,0,0,0,0,0,0,0,0,0,0,0,0,0,0,0,0,0,3,1,0,false
D:\Telkom University\Semester 4\PBO\Bidkita\bidkita-backend\src\main\java\com\bidkita\bidkita_backend\model\User.java,com.bidkita.bidkita_backend.model.User,getPhoneNumber/0,false,78,0,1,1,0,1,0,3,1,0,0,0,0,0,0,0,0,0,0,0,0,0,0,0,0,0,4,1,0,false
D:\Telkom University\Semester 4\PBO\Bidkita\bidkita-backend\src\main\java\com\bidkita\bidkita_backend\model\User.java,com.bidkita.bidkita_backend.model.User,getUsername/0,false,48,0,3,3,0,1,0,3,1,0,0,0,0,0,0,0,0,0,0,0,0,0,0,0,0,0,3,1,0,false
D:\Telkom University\Semester 4\PBO\Bidkita\bidkita-backend\src\main\java\com\bidkita\bidkita_backend\model\User.java,com.bidkita.bidkita_backend.model.User,setEmail/1[java.lang.String],false,63,0,3,3,0,3,3,6,0,0,1,3,0,0,0,1,0,0,2,0,1,0,1,0,0,0,8,1,0,false
D:\Telkom University\Semester 4\PBO\Bidkita\bidkita-backend\src\main\java\com\bidkita\bidkita_backend\model\User.java,com.bidkita.bidkita_backend.model.User,setUsername/1[java.lang.String],false,52,0,3,3,0,3,2,6,0,0,1,2,0,0,0,1,0,0,1,1,1,0,1,0,0,0,8,1,0,false
D:\Telkom University\Semester 4\PBO\Bidkita\bidkita-backend\src\main\java\com\bidkita\bidkita_backend\model\User.java,com.bidkita.bidkita_backend.model.User,setPassword/1[java.lang.String],false,74,0,3,3,0,1,0,3,0,0,1,0,0,0,0,0,0,0,0,0,1,0,0,0,0,0,3,1,0,false
D:\Telkom University\Semester 4\PBO\Bidkita\bidkita-backend\src\main\java\com\bidkita\bidkita_backend\model\User.java,com.bidkita.bidkita_backend.model.User,getRegisteredAt/0,false,93,0,1,1,0,1,0,3,1,0,0,0,0,0,0,0,0,0,0,0,0,0,0,0,0,0,5,1,0,false
D:\Telkom University\Semester 4\PBO\Bidkita\bidkita-backend\src\main\java\com\bidkita\bidkita_backend\model\User.java,com.bidkita.bidkita_backend.model.User,getUserId/0,false,44,0,7,7,0,1,0,3,1,0,0,0,0,0,0,0,0,0,0,0,0,0,0,0,0,0,4,1,0,false
D:\Telkom University\Semester 4\PBO\Bidkita\bidkita-backend\src\main\java\com\bidkita\bidkita_backend\model\User.java,com.bidkita.bidkita_backend.model.User,User/0,true,40,0,0,0,0,1,0,2,0,0,0,0,0,0,0,0,0,0,0,0,0,0,0,0,0,0,1,1,0,false
